version_id,scenario_code,option_code,gene_code,weight
v2,D01,A,LOVE,2
v2,D01,B,JOY,2
v2,D01,C,HLTH,2
v2,D01,D,FREE,2
v2,D02,A,FINC,2
v2,D02,B,LEARN,2
v2,D02,C,GRAT,2
v2,D02,D,FUN,2
v2,D03,A,LOVE,2
v2,D03,B,ACHV,2
v2,D03,C,GRAT,2
v2,D03,D,LOVE,2
v2,D04,A,ADVN,2
v2,D04,B,BALN,2
v2,D04,C,BALN,2
v2,D04,D,SPIR,2
v2,D05,A,COMM,2
v2,D05,B,FRND,2
v2,D05,C,FINC,2
v2,D05,D,SAFE,2
v2,D06,A,HLTH,2
v2,D06,B,LEARN,2
v2,D06,C,FUN,2
v2,D06,D,FUN,2
v2,D07,A,JUST,2
v2,D07,B,SAFE,2
v2,D07,C,JUST,2
v2,D07,D,SAFE,2
v2,D08,A,ADVN,2
v2,D08,B,LEARN,2
v2,D08,C,ADVN,2
v2,D08,D,SPIR,2
v2,D09,A,FINC,2
v2,D09,B,LOVE,2
v2,D09,C,FINC,2
v2,D09,D,DIGN,2
v2,D10,A,COMM,2
v2,D10,B,FUN,2
v2,D10,C,FRND,2
v2,D10,D,FREE,2
v2,D11,A,ACHV,2
v2,D11,B,DIGN,2
v2,D11,C,JOY,2
v2,D11,D,LEARN,2
v2,D12,A,FINC,2
v2,D12,B,ADVN,2
v2,D12,C,GRAT,2
v2,D12,D,FUN,2
v2,D13,A,ADVN,2
v2,D13,B,BALN,2
v2,D13,C,FUN,2
v2,D13,D,HLTH,2
v2,D14,A,JUST,2
v2,D14,B,JUST,2
v2,D14,C,COMM,2
v2,D14,D,DIGN,2
v2,D15,A,LOVE,2
v2,D15,B,COMM,2
v2,D15,C,SPIR,2
v2,D15,D,AMBT,2
v2,D16,A,ACHV,2
v2,D16,B,BALN,2
v2,D16,C,AMBT,2
v2,D16,D,AMBT,2
v2,D17,A,LEARN,2
v2,D17,B,LEARN,2
v2,D17,C,FRND,2
v2,D17,D,JOY,2
v2,D18,A,JOY,2
v2,D18,B,HLTH,2
v2,D18,C,COMM,2
v2,D18,D,ACHV,2
v2,D19,A,RECO,2
v2,D19,B,RECO,2
v2,D19,C,AMBT,2
v2,D19,D,JOY,2
v2,D20,A,COMM,2
v2,D20,B,SAFE,2
v2,D20,C,ARTS,2
v2,D20,D,AMBT,2
v2,D21,A,HLTH,2
v2,D21,B,HLTH,2
v2,D21,C,HLTH,2
v2,D21,D,FREE,2
v2,D22,A,DIGN,2
v2,D22,B,DIGN,2
v2,D22,C,SAFE,2
v2,D22,D,JUST,2
v2,D23,A,RECO,2
v2,D23,B,RECO,2
v2,D23,C,GRAT,2
v2,D23,D,RECO,2
v2,D24,A,ARTS,2
v2,D24,B,ADVN,2
v2,D24,C,FUN,2
v2,D24,D,GRAT,2
v2,D25,A,LOVE,2
v2,D25,B,LOVE,2
v2,D25,C,JOY,2
v2,D25,D,FREE,2
v2,D26,A,SAFE,2
v2,D26,B,ADVN,2
v2,D26,C,FINC,2
v2,D26,D,SPIR,2
v2,D27,A,ACHV,2
v2,D27,B,JUST,2
v2,D27,C,FRND,2
v2,D27,D,FREE,2
v2,D28,A,SPIR,2
v2,D28,B,SPIR,2
v2,D28,C,SPIR,2
v2,D28,D,FREE,2
v2,D29,A,FINC,2
v2,D29,B,FINC,2
v2,D29,C,LEARN,2
v2,D29,D,FINC,2
v2,D30,A,DIGN,2
v2,D30,B,JOY,2
v2,D30,C,JUST,2
v2,D30,D,SAFE,2
v2,D31,A,ADVN,2
v2,D31,B,LEARN,2
v2,D31,C,FRND,2
v2,D31,D,FREE,2
v2,D32,A,BALN,2
v2,D32,B,LOVE,2
v2,D32,C,ACHV,2
v2,D32,D,COMM,2
v2,D33,A,DIGN,2
v2,D33,B,COMM,2
v2,D33,C,LEARN,2
v2,D33,D,JOY,2
v2,D34,A,GRAT,2
v2,D34,B,HLTH,2
v2,D34,C,LOVE,2
v2,D34,D,ARTS,2
v2,D35,A,JUST,2
v2,D35,B,COMM,2
v2,D35,C,JUST,2
v2,D35,D,SAFE,2
v2,D36,A,ARTS,2
v2,D36,B,ARTS,2
v2,D36,C,ARTS,2
v2,D36,D,ARTS,2
v2,D37,A,JUST,2
v2,D37,B,LOVE,2
v2,D37,C,SAFE,2
v2,D37,D,BALN,2
v2,D38,A,AMBT,2
v2,D38,B,ACHV,2
v2,D38,C,LEARN,2
v2,D38,D,SPIR,2
v2,D39,A,ACHV,2
v2,D39,B,SPIR,2
v2,D39,C,RECO,2
v2,D39,D,FREE,2
v2,D40,A,ARTS,2
v2,D40,B,JOY,2
v2,D40,C,GRAT,2
v2,D40,D,AMBT,2
v2,D41,A,JUST,2
v2,D41,B,JUST,2
v2,D41,C,SAFE,2
v2,D41,D,LOVE,2
v2,D42,A,AMBT,2
v2,D42,B,BALN,2
v2,D42,C,FREE,2
v2,D42,D,COMM,2
v2,D43,A,GRAT,2
v2,D43,B,RECO,2
v2,D43,C,SPIR,2
v2,D43,D,JOY,2
v2,D44,A,FUN,2
v2,D44,B,SAFE,2
v2,D44,C,COMM,2
v2,D44,D,SAFE,2
v2,D45,A,FRND,2
v2,D45,B,RECO,2
v2,D45,C,FRND,2
v2,D45,D,FREE,2
v2,D46,A,DIGN,2
v2,D46,B,FINC,2
v2,D46,C,FRND,2
v2,D46,D,FREE,2
v2,D47,A,FREE,2
v2,D47,B,FRND,2
v2,D47,C,ACHV,2
v2,D47,D,SPIR,2
v2,D48,A,BALN,2
v2,D48,B,BALN,2
v2,D48,C,BALN,2
v2,D48,D,BALN,2
v2,D01_01,A,LOVE,2
v2,D01_01,B,HLTH,2
v2,D01_01,C,SPIR,2
v2,D01_01,D,FUN,2
v2,D01_02,A,ACHV,2
v2,D01_02,B,DIGN,2
v2,D01_02,C,FINC,2
v2,D01_02,D,COMM,2
v2,D01_03,A,JOY,2
v2,D01_03,B,JUST,2
v2,D01_03,C,RECO,2
v2,D01_03,D,AMBT,2
v2,D01_04,A,FREE,2
v2,D01_04,B,FRND,2
v2,D01_04,C,ADVN,2
v2,D01_04,D,GRAT,2
v2,D01_05,A,SAFE,2
v2,D01_05,B,LEARN,2
v2,D01_05,C,ARTS,2
v2,D01_05,D,BALN,2
v2,D01_06,A,HLTH,2
v2,D01_06,B,SPIR,2
v2,D01_06,C,COMM,2
v2,D01_06,D,LOVE,2
v2,D01_07,A,DIGN,2
v2,D01_07,B,FINC,2
v2,D01_07,C,AMBT,2
v2,D01_07,D,ACHV,2
v2,D01_08,A,JUST,2
v2,D01_08,B,RECO,2
v2,D01_08,C,GRAT,2
v2,D01_08,D,JOY,2
v2,D01_09,A,FRND,2
v2,D01_09,B,ADVN,2
v2,D01_09,C,BALN,2
v2,D01_09,D,FREE,2
v2,D01_10,A,LEARN,2
v2,D01_10,B,ARTS,2
v2,D01_10,C,LOVE,2
v2,D01_10,D,SAFE,2
v2,D01_11,A,SPIR,2
v2,D01_11,B,COMM,2
v2,D01_11,C,ACHV,2
v2,D01_11,D,HLTH,2
v2,D01_12,A,FINC,2
v2,D01_12,B,AMBT,2
v2,D01_12,C,JOY,2
v2,D01_12,D,DIGN,2
v2,D01_13,A,RECO,2
v2,D01_13,B,GRAT,2
v2,D01_13,C,FREE,2
v2,D01_13,D,JUST,2
v2,D01_14,A,ADVN,2
v2,D01_14,B,BALN,2
v2,D01_14,C,SAFE,2
v2,D01_14,D,FRND,2
v2,D01_15,A,ARTS,2
v2,D01_15,B,LOVE,2
v2,D01_15,C,HLTH,2
v2,D01_15,D,LEARN,2
v2,D01_16,A,FUN,2
v2,D01_16,B,ACHV,2
v2,D01_16,C,DIGN,2
v2,D01_16,D,SPIR,2
v2,D01_17,A,COMM,2
v2,D01_17,B,JOY,2
v2,D01_17,C,JUST,2
v2,D01_17,D,FINC,2
v2,D01_18,A,AMBT,2
v2,D01_18,B,FREE,2
v2,D01_18,C,FRND,2
v2,D01_18,D,ADVN,2
v2,D01_19,A,GRAT,2
v2,D01_19,B,SAFE,2
v2,D01_19,C,LEARN,2
v2,D01_19,D,ARTS,2
v2,D01_20,A,BALN,2
v2,D01_20,B,HLTH,2
v2,D01_20,C,RECO,2
v2,D01_20,D,FUN,2
v2,D01_21,A,LOVE,2
v2,D01_21,B,DIGN,2
v2,D01_21,C,FINC,2
v2,D01_21,D,COMM,2
v2,D01_22,A,ACHV,2
v2,D01_22,B,JUST,2
v2,D01_22,C,RECO,2
v2,D01_22,D,AMBT,2
v2,D01_23,A,JOY,2
v2,D01_23,B,FRND,2
v2,D01_23,C,ADVN,2
v2,D01_23,D,GRAT,2
v2,D01_24,A,FREE,2
v2,D01_24,B,LEARN,2
v2,D01_24,C,ARTS,2
v2,D01_24,D,BALN,2
v2,D01_25,A,SAFE,2
v2,D01_25,B,SPIR,2
v2,D01_25,C,COMM,2
v2,D01_25,D,LOVE,2
v2,D01_26,A,HLTH,2
v2,D01_26,B,FINC,2
v2,D01_26,C,AMBT,2
v2,D01_26,D,ACHV,2
v2,D01_27,A,DIGN,2
v2,D01_27,B,RECO,2
v2,D01_27,C,GRAT,2
v2,D01_27,D,JOY,2
v2,D01_28,A,JUST,2
v2,D01_28,B,ADVN,2
v2,D01_28,C,BALN,2
v2,D01_28,D,FREE,2
v2,D01_29,A,FRND,2
v2,D01_29,B,ARTS,2
v2,D01_29,C,LOVE,2
v2,D01_29,D,SAFE,2
v2,D01_30,A,LEARN,2
v2,D01_30,B,FUN,2
v2,D01_30,C,ACHV,2
v2,D01_30,D,SPIR,2
v2,D01_31,A,SPIR,2
v2,D01_31,B,COMM,2
v2,D01_31,C,JOY,2
v2,D01_31,D,FINC,2
v2,D01_32,A,FINC,2
v2,D01_32,B,AMBT,2
v2,D01_32,C,GRAT,2
v2,D01_32,D,JUST,2
v2,D01_33,A,RECO,2
v2,D01_33,B,FREE,2
v2,D01_33,C,BALN,2
v2,D01_33,D,FRND,2
v2,D01_34,A,ADVN,2
v2,D01_34,B,LOVE,2
v2,D01_34,C,SAFE,2
v2,D01_34,D,LEARN,2
v2,D01_35,A,ARTS,2
v2,D01_35,B,ACHV,2
v2,D01_35,C,SPIR,2
v2,D01_35,D,HLTH,2
v2,D01_36,A,FUN,2
v2,D01_36,B,JOY,2
v2,D01_36,C,FINC,2
v2,D01_36,D,DIGN,2
v2,D01_37,A,COMM,2
v2,D01_37,B,GRAT,2
v2,D01_37,C,FRND,2
v2,D01_37,D,RECO,2
v2,D01_38,A,AMBT,2
v2,D01_38,B,BALN,2
v2,D01_38,C,LEARN,2
v2,D01_38,D,ADVN,2
v2,D01_39,A,GRAT,2
v2,D01_39,B,SAFE,2
v2,D01_39,C,ARTS,2
v2,D01_39,D,FUN,2
v2,D01_40,A,BALN,2
v2,D01_40,B,HLTH,2
v2,D01_40,C,RECO,2
v2,D01_40,D,COMM,2
v2,D01_41,A,LOVE,2
v2,D01_41,B,DIGN,2
v2,D01_41,C,FINC,2
v2,D01_41,D,AMBT,2
v2,D01_42,A,ACHV,2
v2,D01_42,B,JUST,2
v2,D01_42,C,RECO,2
v2,D01_42,D,GRAT,2
v2,D01_43,A,JOY,2
v2,D01_43,B,FRND,2
v2,D01_43,C,ADVN,2
v2,D01_43,D,BALN,2
v2,D01_44,A,FREE,2
v2,D01_44,B,LEARN,2
v2,D01_44,C,ARTS,2
v2,D01_44,D,LOVE,2
v2,D01_45,A,SAFE,2
v2,D01_45,B,SPIR,2
v2,D01_45,C,COMM,2
v2,D01_45,D,ACHV,2
v2,D01_46,A,HLTH,2
v2,D01_46,B,FINC,2
v2,D01_46,C,AMBT,2
v2,D01_46,D,JOY,2
v2,D01_47,A,DIGN,2
v2,D01_47,B,RECO,2
v2,D01_47,C,GRAT,2
v2,D01_47,D,FRND,2
v2,D01_48,A,JUST,2
v2,D01_48,B,ADVN,2
v2,D01_48,C,BALN,2
v2,D01_48,D,COMM,2
v2,D02_01,A,LOVE,2
v2,D02_01,B,COMM,2
v2,D02_01,C,FUN,2
v2,D02_01,D,FREE,2
v2,D02_02,A,ACHV,2
v2,D02_02,B,BALN,2
v2,D02_02,C,LEARN,2
v2,D02_02,D,BALN,2
v2,D02_03,A,JOY,2
v2,D02_03,B,ADVN,2
v2,D02_03,C,BALN,2
v2,D02_03,D,AMBT,2
v2,D02_04,A,DIGN,2
v2,D02_04,B,LOVE,2
v2,D02_04,C,LEARN,2
v2,D02_04,D,FREE,2
v2,D02_05,A,FREE,2
v2,D02_05,B,SAFE,2
v2,D02_05,C,HLTH,2
v2,D02_05,D,ACHV,2
v2,D02_06,A,SAFE,2
v2,D02_06,B,LEARN,2
v2,D02_06,C,BALN,2
v2,D02_06,D,COMM,2
v2,D02_07,A,DIGN,2
v2,D02_07,B,JUST,2
v2,D02_07,C,BALN,2
v2,D02_07,D,FUN,2
v2,D02_08,A,COMM,2
v2,D02_08,B,LOVE,2
v2,D02_08,C,FRND,2
v2,D02_08,D,HLTH,2
v2,D02_09,A,BALN,2
v2,D02_09,B,ARTS,2
v2,D02_09,C,BALN,2
v2,D02_09,D,ACHV,2
v2,D02_10,A,LEARN,2
v2,D02_10,B,ACHV,2
v2,D02_10,C,FRND,2
v2,D02_10,D,SPIR,2
v2,D02_11,A,RECO,2
v2,D02_11,B,RECO,2
v2,D02_11,C,ACHV,2
v2,D02_11,D,GRAT,2
v2,D02_12,A,FINC,2
v2,D02_12,B,AMBT,2
v2,D02_12,C,BALN,2
v2,D02_12,D,SAFE,2
v2,D02_13,A,FRND,2
v2,D02_13,B,FUN,2
v2,D02_13,C,FREE,2
v2,D02_13,D,COMM,2
v2,D02_14,A,ADVN,2
v2,D02_14,B,SAFE,2
v2,D02_14,C,FINC,2
v2,D02_14,D,BALN,2
v2,D02_15,A,ARTS,2
v2,D02_15,B,ACHV,2
v2,D02_15,C,FUN,2
v2,D02_15,D,LEARN,2
v2,D02_16,A,SPIR,2
v2,D02_16,B,HLTH,2
v2,D02_16,C,FRND,2
v2,D02_16,D,DIGN,2
v2,D02_17,A,COMM,2
v2,D02_17,B,FRND,2
v2,D02_17,C,JUST,2
v2,D02_17,D,GRAT,2
v2,D02_18,A,AMBT,2
v2,D02_18,B,ACHV,2
v2,D02_18,C,LEARN,2
v2,D02_18,D,RECO,2
v2,D02_19,A,GRAT,2
v2,D02_19,B,LOVE,2
v2,D02_19,C,JOY,2
v2,D02_19,D,RECO,2
v2,D02_20,A,BALN,2
v2,D02_20,B,HLTH,2
v2,D02_20,C,BALN,2
v2,D02_20,D,FREE,2
v2,D02_21,A,LOVE,2
v2,D02_21,B,BALN,2
v2,D02_21,C,COMM,2
v2,D02_21,D,JOY,2
v2,D02_22,A,ADVN,2
v2,D02_22,B,FUN,2
v2,D02_22,C,LEARN,2
v2,D02_22,D,HLTH,2
v2,D02_23,A,FREE,2
v2,D02_23,B,JUST,2
v2,D02_23,C,FRND,2
v2,D02_23,D,BALN,2
v2,D02_24,A,JUST,2
v2,D02_24,B,BALN,2
v2,D02_24,C,LOVE,2
v2,D02_24,D,AMBT,2
v2,D02_25,A,ACHV,2
v2,D02_25,B,JOY,2
v2,D02_25,C,BALN,2
v2,D02_25,D,FRND,2
v2,D02_26,A,HLTH,2
v2,D02_26,B,SAFE,2
v2,D02_26,C,DIGN,2
v2,D02_26,D,FUN,2
v2,D02_27,A,DIGN,2
v2,D02_27,B,JUST,2
v2,D02_27,C,BALN,2
v2,D02_27,D,LEARN,2
v2,D02_28,A,JUST,2
v2,D02_28,B,FRND,2
v2,D02_28,C,SAFE,2
v2,D02_28,D,ADVN,2
v2,D02_29,A,FRND,2
v2,D02_29,B,FREE,2
v2,D02_29,C,LOVE,2
v2,D02_29,D,BALN,2
v2,D02_30,A,LEARN,2
v2,D02_30,B,JOY,2
v2,D02_30,C,FRND,2
v2,D02_30,D,AMBT,2
v2,D02_31,A,SPIR,2
v2,D02_31,B,GRAT,2
v2,D02_31,C,COMM,2
v2,D02_31,D,ACHV,2
v2,D02_32,A,FINC,2
v2,D02_32,B,SAFE,2
v2,D02_32,C,LEARN,2
v2,D02_32,D,BALN,2
v2,D02_33,A,RECO,2
v2,D02_33,B,RECO,2
v2,D02_33,C,ACHV,2
v2,D02_33,D,GRAT,2
v2,D02_34,A,ADVN,2
v2,D02_34,B,SAFE,2
v2,D02_34,C,LEARN,2
v2,D02_34,D,ADVN,2
v2,D02_35,A,LOVE,2
v2,D02_35,B,ARTS,2
v2,D02_35,C,BALN,2
v2,D02_35,D,FUN,2
v2,D02_36,A,FRND,2
v2,D02_36,B,FUN,2
v2,D02_36,C,BALN,2
v2,D02_36,D,ADVN,2
v2,D02_37,A,COMM,2
v2,D02_37,B,JUST,2
v2,D02_37,C,SAFE,2
v2,D02_37,D,RECO,2
v2,D02_38,A,AMBT,2
v2,D02_38,B,ACHV,2
v2,D02_38,C,LEARN,2
v2,D02_38,D,RECO,2
v2,D02_39,A,GRAT,2
v2,D02_39,B,LOVE,2
v2,D02_39,C,JOY,2
v2,D02_39,D,AMBT,2
v2,D02_40,A,BALN,2
v2,D02_40,B,HLTH,2
v2,D02_40,C,BALN,2
v2,D02_40,D,FREE,2
v2,D02_41,A,FRND,2
v2,D02_41,B,LOVE,2
v2,D02_41,C,COMM,2
v2,D02_41,D,FUN,2
v2,D02_42,A,ACHV,2
v2,D02_42,B,SAFE,2
v2,D02_42,C,COMM,2
v2,D02_42,D,ADVN,2
v2,D02_43,A,JOY,2
v2,D02_43,B,FUN,2
v2,D02_43,C,GRAT,2
v2,D02_43,D,BALN,2
v2,D02_44,A,SPIR,2
v2,D02_44,B,FREE,2
v2,D02_44,C,SAFE,2
v2,D02_44,D,AMBT,2
v2,D02_45,A,SAFE,2
v2,D02_45,B,BALN,2
v2,D02_45,C,LEARN,2
v2,D02_45,D,JUST,2
v2,D02_46,A,HLTH,2
v2,D02_46,B,JOY,2
v2,D02_46,C,BALN,2
v2,D02_46,D,AMBT,2
v2,D02_47,A,DIGN,2
v2,D02_47,B,JUST,2
v2,D02_47,C,LEARN,2
v2,D02_47,D,FRND,2
v2,D02_48,A,JUST,2
v2,D02_48,B,LOVE,2
v2,D02_48,C,COMM,2
v2,D02_48,D,BALN,2
v2,D03_01,A,LOVE,2
v2,D03_01,B,COMM,2
v2,D03_01,C,JOY,2
v2,D03_01,D,FREE,2
v2,D03_02,A,AMBT,2
v2,D03_02,B,ACHV,2
v2,D03_02,C,RECO,2
v2,D03_02,D,BALN,2
v2,D03_03,A,JOY,2
v2,D03_03,B,LOVE,2
v2,D03_03,C,BALN,2
v2,D03_03,D,FUN,2
v2,D03_04,A,DIGN,2
v2,D03_04,B,FREE,2
v2,D03_04,C,JUST,2
v2,D03_04,D,BALN,2
v2,D03_05,A,SAFE,2
v2,D03_05,B,COMM,2
v2,D03_05,C,LEARN,2
v2,D03_05,D,JUST,2
v2,D03_06,A,HLTH,2
v2,D03_06,B,BALN,2
v2,D03_06,C,HLTH,2
v2,D03_06,D,FUN,2
v2,D03_07,A,DIGN,2
v2,D03_07,B,JUST,2
v2,D03_07,C,BALN,2
v2,D03_07,D,RECO,2
v2,D03_08,A,JUST,2
v2,D03_08,B,LOVE,2
v2,D03_08,C,LEARN,2
v2,D03_08,D,COMM,2
v2,D03_09,A,FRND,2
v2,D03_09,B,FRND,2
v2,D03_09,C,FUN,2
v2,D03_09,D,LOVE,2
v2,D03_10,A,LEARN,2
v2,D03_10,B,LEARN,2
v2,D03_10,C,FRND,2
v2,D03_10,D,SPIR,2
v2,D03_11,A,SPIR,2
v2,D03_11,B,GRAT,2
v2,D03_11,C,BALN,2
v2,D03_11,D,COMM,2
v2,D03_12,A,FINC,2
v2,D03_12,B,SAFE,2
v2,D03_12,C,LEARN,2
v2,D03_12,D,BALN,2
v2,D03_13,A,RECO,2
v2,D03_13,B,RECO,2
v2,D03_13,C,AMBT,2
v2,D03_13,D,GRAT,2
v2,D03_14,A,ADVN,2
v2,D03_14,B,SAFE,2
v2,D03_14,C,FINC,2
v2,D03_14,D,BALN,2
v2,D03_15,A,ARTS,2
v2,D03_15,B,FUN,2
v2,D03_15,C,FRND,2
v2,D03_15,D,ACHV,2
v2,D03_16,A,FUN,2
v2,D03_16,B,GRAT,2
v2,D03_16,C,BALN,2
v2,D03_16,D,ADVN,2
v2,D03_17,A,COMM,2
v2,D03_17,B,FRND,2
v2,D03_17,C,JUST,2
v2,D03_17,D,GRAT,2
v2,D03_18,A,AMBT,2
v2,D03_18,B,ACHV,2
v2,D03_18,C,LEARN,2
v2,D03_18,D,BALN,2
v2,D03_19,A,GRAT,2
v2,D03_19,B,LOVE,2
v2,D03_19,C,RECO,2
v2,D03_19,D,JOY,2
v2,D03_20,A,COMM,2
v2,D03_20,B,HLTH,2
v2,D03_20,C,JUST,2
v2,D03_20,D,BALN,2
v2,D03_21,A,LOVE,2
v2,D03_21,B,COMM,2
v2,D03_21,C,JOY,2
v2,D03_21,D,DIGN,2
v2,D03_22,A,ACHV,2
v2,D03_22,B,HLTH,2
v2,D03_22,C,LEARN,2
v2,D03_22,D,FUN,2
v2,D03_23,A,FREE,2
v2,D03_23,B,DIGN,2
v2,D03_23,C,BALN,2
v2,D03_23,D,SAFE,2
v2,D03_24,A,JUST,2
v2,D03_24,B,COMM,2
v2,D03_24,C,COMM,2
v2,D03_24,D,RECO,2
v2,D03_25,A,ACHV,2
v2,D03_25,B,JOY,2
v2,D03_25,C,BALN,2
v2,D03_25,D,FRND,2
v2,D03_26,A,HLTH,2
v2,D03_26,B,SAFE,2
v2,D03_26,C,DIGN,2
v2,D03_26,D,FUN,2
v2,D03_27,A,DIGN,2
v2,D03_27,B,JUST,2
v2,D03_27,C,BALN,2
v2,D03_27,D,RECO,2
v2,D03_28,A,JUST,2
v2,D03_28,B,COMM,2
v2,D03_28,C,SAFE,2
v2,D03_28,D,ADVN,2
v2,D03_29,A,FRND,2
v2,D03_29,B,FREE,2
v2,D03_29,C,LOVE,2
v2,D03_29,D,BALN,2
v2,D03_30,A,LEARN,2
v2,D03_30,B,ACHV,2
v2,D03_30,C,FRND,2
v2,D03_30,D,FUN,2
v2,D03_31,A,SPIR,2
v2,D03_31,B,GRAT,2
v2,D03_31,C,COMM,2
v2,D03_31,D,BALN,2
v2,D03_32,A,FINC,2
v2,D03_32,B,SAFE,2
v2,D03_32,C,LEARN,2
v2,D03_32,D,BALN,2
v2,D03_33,A,RECO,2
v2,D03_33,B,RECO,2
v2,D03_33,C,ACHV,2
v2,D03_33,D,GRAT,2
v2,D03_34,A,ADVN,2
v2,D03_34,B,SAFE,2
v2,D03_34,C,FRND,2
v2,D03_34,D,BALN,2
v2,D03_35,A,ARTS,2
v2,D03_35,B,FUN,2
v2,D03_35,C,BALN,2
v2,D03_35,D,AMBT,2
v2,D03_36,A,FUN,2
v2,D03_36,B,ADVN,2
v2,D03_36,C,LEARN,2
v2,D03_36,D,HLTH,2
v2,D03_37,A,COMM,2
v2,D03_37,B,FRND,2
v2,D03_37,C,JUST,2
v2,D03_37,D,GRAT,2
v2,D03_38,A,AMBT,2
v2,D03_38,B,ACHV,2
v2,D03_38,C,LEARN,2
v2,D03_38,D,RECO,2
v2,D03_39,A,GRAT,2
v2,D03_39,B,LOVE,2
v2,D03_39,C,JOY,2
v2,D03_39,D,ACHV,2
v2,D03_40,A,BALN,2
v2,D03_40,B,HLTH,2
v2,D03_40,C,ACHV,2
v2,D03_40,D,LEARN,2
v2,D03_41,A,FRND,2
v2,D03_41,B,LOVE,2
v2,D03_41,C,COMM,2
v2,D03_41,D,FUN,2
v2,D03_42,A,ACHV,2
v2,D03_42,B,COMM,2
v2,D03_42,C,BALN,2
v2,D03_42,D,ADVN,2
v2,D03_43,A,JOY,2
v2,D03_43,B,FUN,2
v2,D03_43,C,GRAT,2
v2,D03_43,D,LOVE,2
v2,D03_44,A,SPIR,2
v2,D03_44,B,FREE,2
v2,D03_44,C,SAFE,2
v2,D03_44,D,AMBT,2
v2,D03_45,A,SAFE,2
v2,D03_45,B,COMM,2
v2,D03_45,C,LEARN,2
v2,D03_45,D,DIGN,2
v2,D03_46,A,HLTH,2
v2,D03_46,B,FUN,2
v2,D03_46,C,BALN,2
v2,D03_46,D,AMBT,2
v2,D03_47,A,DIGN,2
v2,D03_47,B,JUST,2
v2,D03_47,C,LEARN,2
v2,D03_47,D,FRND,2
v2,D03_48,A,JUST,2
v2,D03_48,B,LOVE,2
v2,D03_48,C,COMM,2
v2,D03_48,D,SAFE,2
v2,D04_01,A,LOVE,2
v2,D04_01,B,COMM,2
v2,D04_01,C,JOY,2
v2,D04_01,D,FREE,2
v2,D04_02,A,ACHV,2
v2,D04_02,B,BALN,2
v2,D04_02,C,COMM,2
v2,D04_02,D,BALN,2
v2,D04_03,A,ADVN,2
v2,D04_03,B,FUN,2
v2,D04_03,C,LEARN,2
v2,D04_03,D,AMBT,2
v2,D04_04,A,LOVE,2
v2,D04_04,B,HLTH,2
v2,D04_04,C,FUN,2
v2,D04_04,D,FREE,2
v2,D04_05,A,BALN,2
v2,D04_05,B,FREE,2
v2,D04_05,C,SAFE,2
v2,D04_05,D,AMBT,2
v2,D04_06,A,SAFE,2
v2,D04_06,B,COMM,2
v2,D04_06,C,LEARN,2
v2,D04_06,D,COMM,2
v2,D04_07,A,DIGN,2
v2,D04_07,B,JUST,2
v2,D04_07,C,BALN,2
v2,D04_07,D,FRND,2
v2,D04_08,A,JUST,2
v2,D04_08,B,LOVE,2
v2,D04_08,C,BALN,2
v2,D04_08,D,COMM,2
v2,D04_09,A,FRND,2
v2,D04_09,B,LOVE,2
v2,D04_09,C,FUN,2
v2,D04_09,D,COMM,2
v2,D04_10,A,LEARN,2
v2,D04_10,B,ACHV,2
v2,D04_10,C,FRND,2
v2,D04_10,D,SPIR,2
v2,D04_11,A,SPIR,2
v2,D04_11,B,GRAT,2
v2,D04_11,C,COMM,2
v2,D04_11,D,BALN,2
v2,D04_12,A,FINC,2
v2,D04_12,B,SAFE,2
v2,D04_12,C,LEARN,2
v2,D04_12,D,BALN,2
v2,D04_13,A,RECO,2
v2,D04_13,B,RECO,2
v2,D04_13,C,ACHV,2
v2,D04_13,D,GRAT,2
v2,D04_14,A,ADVN,2
v2,D04_14,B,SAFE,2
v2,D04_14,C,FINC,2
v2,D04_14,D,BALN,2
v2,D04_15,A,ARTS,2
v2,D04_15,B,FUN,2
v2,D04_15,C,FRND,2
v2,D04_15,D,AMBT,2
v2,D04_16,A,JOY,2
v2,D04_16,B,LOVE,2
v2,D04_16,C,GRAT,2
v2,D04_16,D,SPIR,2
v2,D04_17,A,COMM,2
v2,D04_17,B,FRND,2
v2,D04_17,C,JUST,2
v2,D04_17,D,GRAT,2
v2,D04_18,A,AMBT,2
v2,D04_18,B,ACHV,2
v2,D04_18,C,LEARN,2
v2,D04_18,D,BALN,2
v2,D04_19,A,GRAT,2
v2,D04_19,B,LOVE,2
v2,D04_19,C,RECO,2
v2,D04_19,D,COMM,2
v2,D04_20,A,BALN,2
v2,D04_20,B,HLTH,2
v2,D04_20,C,FRND,2
v2,D04_20,D,BALN,2
v2,D04_21,A,LOVE,2
v2,D04_21,B,FREE,2
v2,D04_21,C,COMM,2
v2,D04_21,D,BALN,2
v2,D04_22,A,FUN,2
v2,D04_22,B,ACHV,2
v2,D04_22,C,LEARN,2
v2,D04_22,D,HLTH,2
v2,D04_23,A,FREE,2
v2,D04_23,B,DIGN,2
v2,D04_23,C,SAFE,2
v2,D04_23,D,BALN,2
v2,D04_24,A,JUST,2
v2,D04_24,B,BALN,2
v2,D04_24,C,COMM,2
v2,D04_24,D,AMBT,2
v2,D04_25,A,ACHV,2
v2,D04_25,B,JOY,2
v2,D04_25,C,BALN,2
v2,D04_25,D,FRND,2
v2,D04_26,A,HLTH,2
v2,D04_26,B,SAFE,2
v2,D04_26,C,DIGN,2
v2,D04_26,D,FUN,2
v2,D04_27,A,DIGN,2
v2,D04_27,B,JUST,2
v2,D04_27,C,BALN,2
v2,D04_27,D,RECO,2
v2,D04_28,A,JUST,2
v2,D04_28,B,FRND,2
v2,D04_28,C,SAFE,2
v2,D04_28,D,AMBT,2
v2,D04_29,A,FRND,2
v2,D04_29,B,FREE,2
v2,D04_29,C,LOVE,2
v2,D04_29,D,BALN,2
v2,D04_30,A,LEARN,2
v2,D04_30,B,ACHV,2
v2,D04_30,C,FRND,2
v2,D04_30,D,SPIR,2
v2,D04_31,A,SPIR,2
v2,D04_31,B,GRAT,2
v2,D04_31,C,COMM,2
v2,D04_31,D,BALN,2
v2,D04_32,A,FINC,2
v2,D04_32,B,SAFE,2
v2,D04_32,C,LEARN,2
v2,D04_32,D,FINC,2
v2,D04_33,A,RECO,2
v2,D04_33,B,RECO,2
v2,D04_33,C,JUST,2
v2,D04_33,D,ACHV,2
v2,D04_34,A,ADVN,2
v2,D04_34,B,SAFE,2
v2,D04_34,C,FRND,2
v2,D04_34,D,FREE,2
v2,D04_35,A,ARTS,2
v2,D04_35,B,FUN,2
v2,D04_35,C,BALN,2
v2,D04_35,D,AMBT,2
v2,D04_36,A,FUN,2
v2,D04_36,B,HLTH,2
v2,D04_36,C,LEARN,2
v2,D04_36,D,ACHV,2
v2,D04_37,A,COMM,2
v2,D04_37,B,FRND,2
v2,D04_37,C,JUST,2
v2,D04_37,D,GRAT,2
v2,D04_38,A,AMBT,2
v2,D04_38,B,ACHV,2
v2,D04_38,C,LEARN,2
v2,D04_38,D,BALN,2
v2,D04_39,A,GRAT,2
v2,D04_39,B,LOVE,2
v2,D04_39,C,JOY,2
v2,D04_39,D,ACHV,2
v2,D04_40,A,BALN,2
v2,D04_40,B,HLTH,2
v2,D04_40,C,FREE,2
v2,D04_40,D,BALN,2
v2,D04_41,A,FRND,2
v2,D04_41,B,LOVE,2
v2,D04_41,C,COMM,2
v2,D04_41,D,FUN,2
v2,D04_42,A,ACHV,2
v2,D04_42,B,COMM,2
v2,D04_42,C,BALN,2
v2,D04_42,D,ADVN,2
v2,D04_43,A,JOY,2
v2,D04_43,B,FUN,2
v2,D04_43,C,GRAT,2
v2,D04_43,D,LOVE,2
v2,D04_44,A,SPIR,2
v2,D04_44,B,FREE,2
v2,D04_44,C,SAFE,2
v2,D04_44,D,AMBT,2
v2,D04_45,A,SAFE,2
v2,D04_45,B,BALN,2
v2,D04_45,C,LEARN,2
v2,D04_45,D,DIGN,2
v2,D04_46,A,HLTH,2
v2,D04_46,B,FUN,2
v2,D04_46,C,BALN,2
v2,D04_46,D,AMBT,2
v2,D04_47,A,DIGN,2
v2,D04_47,B,JUST,2
v2,D04_47,C,BALN,2
v2,D04_47,D,FRND,2
v2,D04_48,A,JUST,2
v2,D04_48,B,LOVE,2
v2,D04_48,C,COMM,2
v2,D04_48,D,BALN,2
v2,D05_01,A,LOVE,2
v2,D05_01,B,COMM,2
v2,D05_01,C,JOY,2
v2,D05_01,D,FREE,2
v2,D05_02,A,ACHV,2
v2,D05_02,B,LEARN,2
v2,D05_02,C,COMM,2
v2,D05_02,D,BALN,2
v2,D05_03,A,JOY,2
v2,D05_03,B,FUN,2
v2,D05_03,C,ADVN,2
v2,D05_03,D,GRAT,2
v2,D05_04,A,LOVE,2
v2,D05_04,B,COMM,2
v2,D05_04,C,FRND,2
v2,D05_04,D,DIGN,2
v2,D05_05,A,LEARN,2
v2,D05_05,B,FREE,2
v2,D05_05,C,SAFE,2
v2,D05_05,D,AMBT,2
v2,D05_06,A,SAFE,2
v2,D05_06,B,BALN,2
v2,D05_06,C,LEARN,2
v2,D05_06,D,COMM,2
v2,D05_07,A,DIGN,2
v2,D05_07,B,JUST,2
v2,D05_07,C,BALN,2
v2,D05_07,D,RECO,2
v2,D05_08,A,JUST,2
v2,D05_08,B,BALN,2
v2,D05_08,C,RECO,2
v2,D05_08,D,ACHV,2
v2,D05_09,A,FRND,2
v2,D05_09,B,FUN,2
v2,D05_09,C,FREE,2
v2,D05_09,D,LOVE,2
v2,D05_10,A,LEARN,2
v2,D05_10,B,ACHV,2
v2,D05_10,C,FRND,2
v2,D05_10,D,SPIR,2
v2,D05_11,A,SPIR,2
v2,D05_11,B,GRAT,2
v2,D05_11,C,COMM,2
v2,D05_11,D,BALN,2
v2,D05_12,A,FINC,2
v2,D05_12,B,SAFE,2
v2,D05_12,C,LEARN,2
v2,D05_12,D,BALN,2
v2,D05_13,A,RECO,2
v2,D05_13,B,RECO,2
v2,D05_13,C,AMBT,2
v2,D05_13,D,GRAT,2
v2,D05_14,A,ADVN,2
v2,D05_14,B,SAFE,2
v2,D05_14,C,FINC,2
v2,D05_14,D,BALN,2
v2,D05_15,A,ARTS,2
v2,D05_15,B,FUN,2
v2,D05_15,C,FRND,2
v2,D05_15,D,ACHV,2
v2,D05_16,A,JOY,2
v2,D05_16,B,SPIR,2
v2,D05_16,C,HLTH,2
v2,D05_16,D,FRND,2
v2,D05_17,A,COMM,2
v2,D05_17,B,FRND,2
v2,D05_17,C,JUST,2
v2,D05_17,D,GRAT,2
v2,D05_18,A,AMBT,2
v2,D05_18,B,ACHV,2
v2,D05_18,C,LEARN,2
v2,D05_18,D,BALN,2
v2,D05_19,A,GRAT,2
v2,D05_19,B,LOVE,2
v2,D05_19,C,RECO,2
v2,D05_19,D,COMM,2
v2,D05_20,A,BALN,2
v2,D05_20,B,HLTH,2
v2,D05_20,C,FREE,2
v2,D05_20,D,BALN,2
v2,D05_21,A,LOVE,2
v2,D05_21,B,COMM,2
v2,D05_21,C,JOY,2
v2,D05_21,D,FREE,2
v2,D05_22,A,ACHV,2
v2,D05_22,B,HLTH,2
v2,D05_22,C,LEARN,2
v2,D05_22,D,FUN,2
v2,D05_23,A,FREE,2
v2,D05_23,B,DIGN,2
v2,D05_23,C,SAFE,2
v2,D05_23,D,BALN,2
v2,D05_24,A,JUST,2
v2,D05_24,B,BALN,2
v2,D05_24,C,RECO,2
v2,D05_24,D,COMM,2
v2,D05_25,A,ACHV,2
v2,D05_25,B,JOY,2
v2,D05_25,C,BALN,2
v2,D05_25,D,FRND,2
v2,D05_26,A,HLTH,2
v2,D05_26,B,SAFE,2
v2,D05_26,C,DIGN,2
v2,D05_26,D,FUN,2
v2,D05_27,A,DIGN,2
v2,D05_27,B,JUST,2
v2,D05_27,C,BALN,2
v2,D05_27,D,RECO,2
v2,D05_28,A,JUST,2
v2,D05_28,B,FRND,2
v2,D05_28,C,SAFE,2
v2,D05_28,D,AMBT,2
v2,D05_29,A,FRND,2
v2,D05_29,B,FREE,2
v2,D05_29,C,LOVE,2
v2,D05_29,D,BALN,2
v2,D05_30,A,LEARN,2
v2,D05_30,B,ACHV,2
v2,D05_30,C,FRND,2
v2,D05_30,D,FUN,2
v2,D05_31,A,SPIR,2
v2,D05_31,B,GRAT,2
v2,D05_31,C,COMM,2
v2,D05_31,D,BALN,2
v2,D05_32,A,FINC,2
v2,D05_32,B,SAFE,2
v2,D05_32,C,LEARN,2
v2,D05_32,D,FINC,2
v2,D05_33,A,RECO,2
v2,D05_33,B,RECO,2
v2,D05_33,C,JUST,2
v2,D05_33,D,ACHV,2
v2,D05_34,A,ADVN,2
v2,D05_34,B,SAFE,2
v2,D05_34,C,FRND,2
v2,D05_34,D,FREE,2
v2,D05_35,A,ARTS,2
v2,D05_35,B,FUN,2
v2,D05_35,C,BALN,2
v2,D05_35,D,AMBT,2
v2,D05_36,A,FUN,2
v2,D05_36,B,ADVN,2
v2,D05_36,C,LEARN,2
v2,D05_36,D,HLTH,2
v2,D05_37,A,COMM,2
v2,D05_37,B,FRND,2
v2,D05_37,C,JUST,2
v2,D05_37,D,GRAT,2
v2,D05_38,A,AMBT,2
v2,D05_38,B,ACHV,2
v2,D05_38,C,LEARN,2
v2,D05_38,D,BALN,2
v2,D05_39,A,GRAT,2
v2,D05_39,B,LOVE,2
v2,D05_39,C,JOY,2
v2,D05_39,D,ACHV,2
v2,D05_40,A,BALN,2
v2,D05_40,B,HLTH,2
v2,D05_40,C,FREE,2
v2,D05_40,D,BALN,2
v2,D05_41,A,FRND,2
v2,D05_41,B,LOVE,2
v2,D05_41,C,COMM,2
v2,D05_41,D,FUN,2
v2,D05_42,A,ACHV,2
v2,D05_42,B,COMM,2
v2,D05_42,C,BALN,2
v2,D05_42,D,ADVN,2
v2,D05_43,A,JOY,2
v2,D05_43,B,FUN,2
v2,D05_43,C,GRAT,2
v2,D05_43,D,LOVE,2
v2,D05_44,A,SPIR,2
v2,D05_44,B,FREE,2
v2,D05_44,C,SAFE,2
v2,D05_44,D,AMBT,2
v2,D05_45,A,SAFE,2
v2,D05_45,B,BALN,2
v2,D05_45,C,LEARN,2
v2,D05_45,D,DIGN,2
v2,D05_46,A,HLTH,2
v2,D05_46,B,FUN,2
v2,D05_46,C,BALN,2
v2,D05_46,D,AMBT,2
v2,D05_47,A,DIGN,2
v2,D05_47,B,JUST,2
v2,D05_47,C,BALN,2
v2,D05_47,D,FRND,2
v2,D05_48,A,JUST,2
v2,D05_48,B,LOVE,2
v2,D05_48,C,COMM,2
v2,D05_48,D,BALN,2
v2,D06_01,A,LOVE,2
v2,D06_01,B,FRND,2
v2,D06_01,C,BALN,2
v2,D06_01,D,DIGN,2
v2,D06_02,A,JUST,2
v2,D06_02,B,BALN,2
v2,D06_02,C,ACHV,2
v2,D06_02,D,RECO,2
v2,D06_03,A,HLTH,2
v2,D06_03,B,HLTH,2
v2,D06_03,C,LEARN,2
v2,D06_03,D,FRND,2
v2,D06_04,A,LOVE,2
v2,D06_04,B,FREE,2
v2,D06_04,C,FRND,2
v2,D06_04,D,FUN,2
v2,D06_05,A,ADVN,2
v2,D06_05,B,FREE,2
v2,D06_05,C,SAFE,2
v2,D06_05,D,AMBT,2
v2,D06_06,A,FINC,2
v2,D06_06,B,SAFE,2
v2,D06_06,C,LEARN,2
v2,D06_06,D,BALN,2
v2,D06_07,A,SPIR,2
v2,D06_07,B,COMM,2
v2,D06_07,C,GRAT,2
v2,D06_07,D,AMBT,2
v2,D06_08,A,DIGN,2
v2,D06_08,B,JUST,2
v2,D06_08,C,COMM,2
v2,D06_08,D,BALN,2
v2,D06_09,A,BALN,2
v2,D06_09,B,COMM,2
v2,D06_09,C,SAFE,2
v2,D06_09,D,LEARN,2
v2,D06_10,A,BALN,2
v2,D06_10,B,ACHV,2
v2,D06_10,C,HLTH,2
v2,D06_10,D,FUN,2
v2,D06_11,A,DIGN,2
v2,D06_11,B,JUST,2
v2,D06_11,C,BALN,2
v2,D06_11,D,LEARN,2
v2,D06_12,A,ADVN,2
v2,D06_12,B,RECO,2
v2,D06_12,C,FRND,2
v2,D06_12,D,BALN,2
v2,D06_13,A,BALN,2
v2,D06_13,B,ARTS,2
v2,D06_13,C,LOVE,2
v2,D06_13,D,ACHV,2
v2,D06_14,A,LOVE,2
v2,D06_14,B,COMM,2
v2,D06_14,C,FRND,2
v2,D06_14,D,LEARN,2
v2,D06_15,A,LEARN,2
v2,D06_15,B,ACHV,2
v2,D06_15,C,FRND,2
v2,D06_15,D,SPIR,2
v2,D06_16,A,JUST,2
v2,D06_16,B,DIGN,2
v2,D06_16,C,BALN,2
v2,D06_16,D,ADVN,2
v2,D06_17,A,JOY,2
v2,D06_17,B,FUN,2
v2,D06_17,C,LOVE,2
v2,D06_17,D,GRAT,2
v2,D06_18,A,FREE,2
v2,D06_18,B,BALN,2
v2,D06_18,C,LOVE,2
v2,D06_18,D,COMM,2
v2,D06_19,A,DIGN,2
v2,D06_19,B,JUST,2
v2,D06_19,C,LEARN,2
v2,D06_19,D,BALN,2
v2,D06_20,A,SAFE,2
v2,D06_20,B,FREE,2
v2,D06_20,C,FINC,2
v2,D06_20,D,ADVN,2
v2,D06_21,A,FREE,2
v2,D06_21,B,BALN,2
v2,D06_21,C,SPIR,2
v2,D06_21,D,ACHV,2
v2,D06_22,A,AMBT,2
v2,D06_22,B,ACHV,2
v2,D06_22,C,HLTH,2
v2,D06_22,D,ARTS,2
v2,D06_23,A,JUST,2
v2,D06_23,B,LOVE,2
v2,D06_23,C,SAFE,2
v2,D06_23,D,COMM,2
v2,D06_24,A,DIGN,2
v2,D06_24,B,JUST,2
v2,D06_24,C,BALN,2
v2,D06_24,D,LOVE,2
v2,D06_25,A,HLTH,2
v2,D06_25,B,BALN,2
v2,D06_25,C,HLTH,2
v2,D06_25,D,DIGN,2
v2,D06_26,A,LEARN,2
v2,D06_26,B,FRND,2
v2,D06_26,C,ACHV,2
v2,D06_26,D,FUN,2
v2,D06_27,A,SAFE,2
v2,D06_27,B,FINC,2
v2,D06_27,C,LEARN,2
v2,D06_27,D,BALN,2
v2,D06_28,A,COMM,2
v2,D06_28,B,FRND,2
v2,D06_28,C,SPIR,2
v2,D06_28,D,ADVN,2
v2,D06_29,A,RECO,2
v2,D06_29,B,JUST,2
v2,D06_29,C,ACHV,2
v2,D06_29,D,BALN,2
v2,D06_30,A,DIGN,2
v2,D06_30,B,COMM,2
v2,D06_30,C,FREE,2
v2,D06_30,D,BALN,2
v2,D06_31,A,ARTS,2
v2,D06_31,B,LEARN,2
v2,D06_31,C,FUN,2
v2,D06_31,D,ACHV,2
v2,D06_32,A,HLTH,2
v2,D06_32,B,BALN,2
v2,D06_32,C,JOY,2
v2,D06_32,D,LEARN,2
v2,D06_33,A,FREE,2
v2,D06_33,B,SAFE,2
v2,D06_33,C,FINC,2
v2,D06_33,D,LOVE,2
v2,D06_34,A,ACHV,2
v2,D06_34,B,BALN,2
v2,D06_34,C,FUN,2
v2,D06_34,D,FRND,2
v2,D06_35,A,ADVN,2
v2,D06_35,B,SAFE,2
v2,D06_35,C,FREE,2
v2,D06_35,D,AMBT,2
v2,D06_36,A,SAFE,2
v2,D06_36,B,FUN,2
v2,D06_36,C,JUST,2
v2,D06_36,D,BALN,2
v2,D06_37,A,DIGN,2
v2,D06_37,B,JUST,2
v2,D06_37,C,RECO,2
v2,D06_37,D,FRND,2
v2,D06_38,A,BALN,2
v2,D06_38,B,COMM,2
v2,D06_38,C,JUST,2
v2,D06_38,D,RECO,2
v2,D06_39,A,GRAT,2
v2,D06_39,B,SPIR,2
v2,D06_39,C,JOY,2
v2,D06_39,D,AMBT,2
v2,D06_40,A,BALN,2
v2,D06_40,B,HLTH,2
v2,D06_40,C,JUST,2
v2,D06_40,D,FREE,2
v2,D06_41,A,LEARN,2
v2,D06_41,B,GRAT,2
v2,D06_41,C,DIGN,2
v2,D06_41,D,FUN,2
v2,D06_42,A,FRND,2
v2,D06_42,B,COMM,2
v2,D06_42,C,LOVE,2
v2,D06_42,D,LEARN,2
v2,D06_43,A,LOVE,2
v2,D06_43,B,DIGN,2
v2,D06_43,C,BALN,2
v2,D06_43,D,COMM,2
v2,D06_44,A,SAFE,2
v2,D06_44,B,ADVN,2
v2,D06_44,C,FREE,2
v2,D06_44,D,BALN,2
v2,D06_45,A,SAFE,2
v2,D06_45,B,BALN,2
v2,D06_45,C,LEARN,2
v2,D06_45,D,JUST,2
v2,D06_46,A,BALN,2
v2,D06_46,B,ACHV,2
v2,D06_46,C,JOY,2
v2,D06_46,D,SPIR,2
v2,D06_47,A,GRAT,2
v2,D06_47,B,LOVE,2
v2,D06_47,C,AMBT,2
v2,D06_47,D,DIGN,2
v2,D06_48,A,SPIR,2
v2,D06_48,B,GRAT,2
v2,D06_48,C,FRND,2
v2,D06_48,D,BALN,2
v2,D07_01,A,FRND,2
v2,D07_01,B,LOVE,2
v2,D07_01,C,DIGN,2
v2,D07_01,D,JOY,2
v2,D07_02,A,RECO,2
v2,D07_02,B,COMM,2
v2,D07_02,C,AMBT,2
v2,D07_02,D,GRAT,2
v2,D07_03,A,HLTH,2
v2,D07_03,B,HLTH,2
v2,D07_03,C,BALN,2
v2,D07_03,D,FUN,2
v2,D07_04,A,FRND,2
v2,D07_04,B,LOVE,2
v2,D07_04,C,BALN,2
v2,D07_04,D,FUN,2
v2,D07_05,A,ADVN,2
v2,D07_05,B,FREE,2
v2,D07_05,C,SAFE,2
v2,D07_05,D,ACHV,2
v2,D07_06,A,FINC,2
v2,D07_06,B,SAFE,2
v2,D07_06,C,LEARN,2
v2,D07_06,D,FUN,2
v2,D07_07,A,SPIR,2
v2,D07_07,B,GRAT,2
v2,D07_07,C,COMM,2
v2,D07_07,D,LEARN,2
v2,D07_08,A,DIGN,2
v2,D07_08,B,COMM,2
v2,D07_08,C,JUST,2
v2,D07_08,D,FREE,2
v2,D07_09,A,SAFE,2
v2,D07_09,B,BALN,2
v2,D07_09,C,COMM,2
v2,D07_09,D,LEARN,2
v2,D07_10,A,BALN,2
v2,D07_10,B,ACHV,2
v2,D07_10,C,LEARN,2
v2,D07_10,D,JOY,2
v2,D07_11,A,DIGN,2
v2,D07_11,B,BALN,2
v2,D07_11,C,JUST,2
v2,D07_11,D,SAFE,2
v2,D07_12,A,AMBT,2
v2,D07_12,B,RECO,2
v2,D07_12,C,FRND,2
v2,D07_12,D,BALN,2
v2,D07_13,A,BALN,2
v2,D07_13,B,ARTS,2
v2,D07_13,C,LOVE,2
v2,D07_13,D,ACHV,2
v2,D07_14,A,FRND,2
v2,D07_14,B,COMM,2
v2,D07_14,C,LOVE,2
v2,D07_14,D,FUN,2
v2,D07_15,A,LEARN,2
v2,D07_15,B,ACHV,2
v2,D07_15,C,FRND,2
v2,D07_15,D,SPIR,2
v2,D07_16,A,JUST,2
v2,D07_16,B,LOVE,2
v2,D07_16,C,BALN,2
v2,D07_16,D,COMM,2
v2,D07_17,A,JOY,2
v2,D07_17,B,FUN,2
v2,D07_17,C,LOVE,2
v2,D07_17,D,ADVN,2
v2,D07_18,A,FREE,2
v2,D07_18,B,BALN,2
v2,D07_18,C,LOVE,2
v2,D07_18,D,COMM,2
v2,D07_19,A,JUST,2
v2,D07_19,B,LEARN,2
v2,D07_19,C,DIGN,2
v2,D07_19,D,BALN,2
v2,D07_20,A,FINC,2
v2,D07_20,B,SAFE,2
v2,D07_20,C,BALN,2
v2,D07_20,D,ACHV,2
v2,D07_21,A,FREE,2
v2,D07_21,B,BALN,2
v2,D07_21,C,SPIR,2
v2,D07_21,D,DIGN,2
v2,D07_22,A,AMBT,2
v2,D07_22,B,ACHV,2
v2,D07_22,C,FRND,2
v2,D07_22,D,ARTS,2
v2,D07_23,A,JUST,2
v2,D07_23,B,LOVE,2
v2,D07_23,C,SAFE,2
v2,D07_23,D,COMM,2
v2,D07_24,A,DIGN,2
v2,D07_24,B,JUST,2
v2,D07_24,C,LOVE,2
v2,D07_24,D,FUN,2
v2,D07_25,A,HLTH,2
v2,D07_25,B,BALN,2
v2,D07_25,C,ACHV,2
v2,D07_25,D,RECO,2
v2,D07_26,A,LEARN,2
v2,D07_26,B,FRND,2
v2,D07_26,C,ACHV,2
v2,D07_26,D,FUN,2
v2,D07_27,A,SAFE,2
v2,D07_27,B,FINC,2
v2,D07_27,C,LEARN,2
v2,D07_27,D,GRAT,2
v2,D07_28,A,COMM,2
v2,D07_28,B,FRND,2
v2,D07_28,C,COMM,2
v2,D07_28,D,LOVE,2
v2,D07_29,A,JUST,2
v2,D07_29,B,BALN,2
v2,D07_29,C,ACHV,2
v2,D07_29,D,DIGN,2
v2,D07_30,A,DIGN,2
v2,D07_30,B,COMM,2
v2,D07_30,C,FREE,2
v2,D07_30,D,JOY,2
v2,D07_31,A,ARTS,2
v2,D07_31,B,LEARN,2
v2,D07_31,C,FRND,2
v2,D07_31,D,ACHV,2
v2,D07_32,A,HLTH,2
v2,D07_32,B,BALN,2
v2,D07_32,C,JOY,2
v2,D07_32,D,LEARN,2
v2,D07_33,A,FREE,2
v2,D07_33,B,SAFE,2
v2,D07_33,C,FINC,2
v2,D07_33,D,LOVE,2
v2,D07_34,A,ACHV,2
v2,D07_34,B,BALN,2
v2,D07_34,C,FUN,2
v2,D07_34,D,FRND,2
v2,D07_35,A,ADVN,2
v2,D07_35,B,SAFE,2
v2,D07_35,C,FREE,2
v2,D07_35,D,AMBT,2
v2,D07_36,A,BALN,2
v2,D07_36,B,FUN,2
v2,D07_36,C,JUST,2
v2,D07_36,D,BALN,2
v2,D07_37,A,DIGN,2
v2,D07_37,B,JUST,2
v2,D07_37,C,RECO,2
v2,D07_37,D,FRND,2
v2,D07_38,A,COMM,2
v2,D07_38,B,COMM,2
v2,D07_38,C,BALN,2
v2,D07_38,D,RECO,2
v2,D07_39,A,SPIR,2
v2,D07_39,B,GRAT,2
v2,D07_39,C,JOY,2
v2,D07_39,D,AMBT,2
v2,D07_40,A,BALN,2
v2,D07_40,B,HLTH,2
v2,D07_40,C,FREE,2
v2,D07_40,D,BALN,2
v2,D07_41,A,LEARN,2
v2,D07_41,B,GRAT,2
v2,D07_41,C,DIGN,2
v2,D07_41,D,FUN,2
v2,D07_42,A,FRND,2
v2,D07_42,B,COMM,2
v2,D07_42,C,LOVE,2
v2,D07_42,D,LEARN,2
v2,D07_43,A,LOVE,2
v2,D07_43,B,COMM,2
v2,D07_43,C,BALN,2
v2,D07_43,D,FRND,2
v2,D07_44,A,SAFE,2
v2,D07_44,B,ADVN,2
v2,D07_44,C,FREE,2
v2,D07_44,D,BALN,2
v2,D07_45,A,SAFE,2
v2,D07_45,B,BALN,2
v2,D07_45,C,LEARN,2
v2,D07_45,D,JUST,2
v2,D07_46,A,BALN,2
v2,D07_46,B,ACHV,2
v2,D07_46,C,JOY,2
v2,D07_46,D,FREE,2
v2,D07_47,A,GRAT,2
v2,D07_47,B,LOVE,2
v2,D07_47,C,AMBT,2
v2,D07_47,D,RECO,2
v2,D07_48,A,SPIR,2
v2,D07_48,B,GRAT,2
v2,D07_48,C,FRND,2
v2,D07_48,D,BALN,2
v2,D08_01,A,LOVE,2
v2,D08_01,B,FRND,2
v2,D08_01,C,FREE,2
v2,D08_01,D,DIGN,2
v2,D08_02,A,FRND,2
v2,D08_02,B,LOVE,2
v2,D08_02,C,FUN,2
v2,D08_02,D,BALN,2
v2,D08_03,A,DIGN,2
v2,D08_03,B,COMM,2
v2,D08_03,C,JUST,2
v2,D08_03,D,FREE,2
v2,D08_04,A,BALN,2
v2,D08_04,B,SAFE,2
v2,D08_04,C,DIGN,2
v2,D08_04,D,BALN,2
v2,D08_05,A,BALN,2
v2,D08_05,B,HLTH,2
v2,D08_05,C,FREE,2
v2,D08_05,D,SPIR,2
v2,D08_06,A,ADVN,2
v2,D08_06,B,FUN,2
v2,D08_06,C,LEARN,2
v2,D08_06,D,AMBT,2
v2,D08_07,A,BALN,2
v2,D08_07,B,FREE,2
v2,D08_07,C,ACHV,2
v2,D08_07,D,BALN,2
v2,D08_08,A,DIGN,2
v2,D08_08,B,JUST,2
v2,D08_08,C,FUN,2
v2,D08_08,D,SPIR,2
v2,D08_09,A,JUST,2
v2,D08_09,B,LOVE,2
v2,D08_09,C,BALN,2
v2,D08_09,D,COMM,2
v2,D08_10,A,COMM,2
v2,D08_10,B,COMM,2
v2,D08_10,C,HLTH,2
v2,D08_10,D,SAFE,2
v2,D08_11,A,FINC,2
v2,D08_11,B,SAFE,2
v2,D08_11,C,LEARN,2
v2,D08_11,D,JOY,2
v2,D08_12,A,GRAT,2
v2,D08_12,B,LOVE,2
v2,D08_12,C,AMBT,2
v2,D08_12,D,RECO,2
v2,D08_13,A,LEARN,2
v2,D08_13,B,ACHV,2
v2,D08_13,C,FRND,2
v2,D08_13,D,SPIR,2
v2,D08_14,A,SPIR,2
v2,D08_14,B,COMM,2
v2,D08_14,C,GRAT,2
v2,D08_14,D,AMBT,2
v2,D08_15,A,ADVN,2
v2,D08_15,B,SAFE,2
v2,D08_15,C,FRND,2
v2,D08_15,D,FREE,2
v2,D08_16,A,ACHV,2
v2,D08_16,B,SAFE,2
v2,D08_16,C,LEARN,2
v2,D08_16,D,BALN,2
v2,D08_17,A,BALN,2
v2,D08_17,B,ARTS,2
v2,D08_17,C,ACHV,2
v2,D08_17,D,LOVE,2
v2,D08_18,A,JOY,2
v2,D08_18,B,FUN,2
v2,D08_18,C,LOVE,2
v2,D08_18,D,GRAT,2
v2,D08_19,A,LOVE,2
v2,D08_19,B,COMM,2
v2,D08_19,C,DIGN,2
v2,D08_19,D,BALN,2
v2,D08_20,A,SAFE,2
v2,D08_20,B,AMBT,2
v2,D08_20,C,FREE,2
v2,D08_20,D,FINC,2
v2,D08_21,A,BALN,2
v2,D08_21,B,BALN,2
v2,D08_21,C,ACHV,2
v2,D08_21,D,HLTH,2
v2,D08_22,A,FREE,2
v2,D08_22,B,SAFE,2
v2,D08_22,C,FINC,2
v2,D08_22,D,LOVE,2
v2,D08_23,A,SAFE,2
v2,D08_23,B,BALN,2
v2,D08_23,C,COMM,2
v2,D08_23,D,LEARN,2
v2,D08_24,A,BALN,2
v2,D08_24,B,JUST,2
v2,D08_24,C,BALN,2
v2,D08_24,D,FUN,2
v2,D08_25,A,RECO,2
v2,D08_25,B,RECO,2
v2,D08_25,C,ACHV,2
v2,D08_25,D,GRAT,2
v2,D08_26,A,HLTH,2
v2,D08_26,B,BALN,2
v2,D08_26,C,HLTH,2
v2,D08_26,D,DIGN,2
v2,D08_27,A,FREE,2
v2,D08_27,B,DIGN,2
v2,D08_27,C,SAFE,2
v2,D08_27,D,BALN,2
v2,D08_28,A,COMM,2
v2,D08_28,B,FRND,2
v2,D08_28,C,JUST,2
v2,D08_28,D,RECO,2
v2,D08_29,A,LEARN,2
v2,D08_29,B,GRAT,2
v2,D08_29,C,DIGN,2
v2,D08_29,D,FUN,2
v2,D08_30,A,JUST,2
v2,D08_30,B,BALN,2
v2,D08_30,C,ACHV,2
v2,D08_30,D,RECO,2
v2,D08_31,A,SPIR,2
v2,D08_31,B,GRAT,2
v2,D08_31,C,COMM,2
v2,D08_31,D,BALN,2
v2,D08_32,A,HLTH,2
v2,D08_32,B,BALN,2
v2,D08_32,C,JOY,2
v2,D08_32,D,LEARN,2
v2,D08_33,A,JUST,2
v2,D08_33,B,LOVE,2
v2,D08_33,C,FREE,2
v2,D08_33,D,FRND,2
v2,D08_34,A,SAFE,2
v2,D08_34,B,FREE,2
v2,D08_34,C,FINC,2
v2,D08_34,D,ADVN,2
v2,D08_35,A,ADVN,2
v2,D08_35,B,SAFE,2
v2,D08_35,C,FREE,2
v2,D08_35,D,AMBT,2
v2,D08_36,A,ACHV,2
v2,D08_36,B,BALN,2
v2,D08_36,C,FUN,2
v2,D08_36,D,FRND,2
v2,D08_37,A,BALN,2
v2,D08_37,B,ACHV,2
v2,D08_37,C,LEARN,2
v2,D08_37,D,COMM,2
v2,D08_38,A,FRND,2
v2,D08_38,B,COMM,2
v2,D08_38,C,LOVE,2
v2,D08_38,D,LEARN,2
v2,D08_39,A,SPIR,2
v2,D08_39,B,GRAT,2
v2,D08_39,C,JOY,2
v2,D08_39,D,AMBT,2
v2,D08_40,A,BALN,2
v2,D08_40,B,BALN,2
v2,D08_40,C,FREE,2
v2,D08_40,D,HLTH,2
v2,D08_41,A,ARTS,2
v2,D08_41,B,LEARN,2
v2,D08_41,C,FUN,2
v2,D08_41,D,ACHV,2
v2,D08_42,A,LOVE,2
v2,D08_42,B,FREE,2
v2,D08_42,C,FUN,2
v2,D08_42,D,BALN,2
v2,D08_43,A,JUST,2
v2,D08_43,B,BALN,2
v2,D08_43,C,DIGN,2
v2,D08_43,D,LOVE,2
v2,D08_44,A,SAFE,2
v2,D08_44,B,FINC,2
v2,D08_44,C,LEARN,2
v2,D08_44,D,GRAT,2
v2,D08_45,A,SAFE,2
v2,D08_45,B,BALN,2
v2,D08_45,C,LEARN,2
v2,D08_45,D,DIGN,2
v2,D08_46,A,BALN,2
v2,D08_46,B,ACHV,2
v2,D08_46,C,JOY,2
v2,D08_46,D,COMM,2
v2,D08_47,A,DIGN,2
v2,D08_47,B,JUST,2
v2,D08_47,C,LEARN,2
v2,D08_47,D,RECO,2
v2,D08_48,A,SPIR,2
v2,D08_48,B,GRAT,2
v2,D08_48,C,FRND,2
v2,D08_48,D,BALN,2
v2,D09_01,A,LOVE,2
v2,D09_01,B,DIGN,2
v2,D09_01,C,JUST,2
v2,D09_01,D,SPIR,2
v2,D09_02,A,RECO,2
v2,D09_02,B,COMM,2
v2,D09_02,C,AMBT,2
v2,D09_02,D,ACHV,2
v2,D09_03,A,HLTH,2
v2,D09_03,B,BALN,2
v2,D09_03,C,HLTH,2
v2,D09_03,D,FUN,2
v2,D09_04,A,DIGN,2
v2,D09_04,B,FREE,2
v2,D09_04,C,FRND,2
v2,D09_04,D,FRND,2
v2,D09_05,A,ADVN,2
v2,D09_05,B,SAFE,2
v2,D09_05,C,FREE,2
v2,D09_05,D,ACHV,2
v2,D09_06,A,FINC,2
v2,D09_06,B,SAFE,2
v2,D09_06,C,LEARN,2
v2,D09_06,D,GRAT,2
v2,D09_07,A,SPIR,2
v2,D09_07,B,AMBT,2
v2,D09_07,C,COMM,2
v2,D09_07,D,LEARN,2
v2,D09_08,A,DIGN,2
v2,D09_08,B,BALN,2
v2,D09_08,C,JUST,2
v2,D09_08,D,FREE,2
v2,D09_09,A,SAFE,2
v2,D09_09,B,BALN,2
v2,D09_09,C,LEARN,2
v2,D09_09,D,COMM,2
v2,D09_10,A,BALN,2
v2,D09_10,B,ACHV,2
v2,D09_10,C,LEARN,2
v2,D09_10,D,JOY,2
v2,D09_11,A,DIGN,2
v2,D09_11,B,BALN,2
v2,D09_11,C,JUST,2
v2,D09_11,D,COMM,2
v2,D09_12,A,RECO,2
v2,D09_12,B,BALN,2
v2,D09_12,C,AMBT,2
v2,D09_12,D,FRND,2
v2,D09_13,A,LOVE,2
v2,D09_13,B,BALN,2
v2,D09_13,C,ARTS,2
v2,D09_13,D,ACHV,2
v2,D09_14,A,COMM,2
v2,D09_14,B,FRND,2
v2,D09_14,C,COMM,2
v2,D09_14,D,FUN,2
v2,D09_15,A,LEARN,2
v2,D09_15,B,ACHV,2
v2,D09_15,C,FRND,2
v2,D09_15,D,AMBT,2
v2,D09_16,A,JUST,2
v2,D09_16,B,BALN,2
v2,D09_16,C,LOVE,2
v2,D09_16,D,BALN,2
v2,D09_17,A,JOY,2
v2,D09_17,B,FUN,2
v2,D09_17,C,FRND,2
v2,D09_17,D,ADVN,2
v2,D09_18,A,FREE,2
v2,D09_18,B,LOVE,2
v2,D09_18,C,BALN,2
v2,D09_18,D,BALN,2
v2,D09_19,A,JUST,2
v2,D09_19,B,LEARN,2
v2,D09_19,C,DIGN,2
v2,D09_19,D,SPIR,2
v2,D09_20,A,SAFE,2
v2,D09_20,B,FREE,2
v2,D09_20,C,FINC,2
v2,D09_20,D,ADVN,2
v2,D09_21,A,FREE,2
v2,D09_21,B,BALN,2
v2,D09_21,C,SPIR,2
v2,D09_21,D,DIGN,2
v2,D09_22,A,AMBT,2
v2,D09_22,B,ACHV,2
v2,D09_22,C,ARTS,2
v2,D09_22,D,HLTH,2
v2,D09_23,A,LOVE,2
v2,D09_23,B,JUST,2
v2,D09_23,C,SAFE,2
v2,D09_23,D,COMM,2
v2,D09_24,A,DIGN,2
v2,D09_24,B,LOVE,2
v2,D09_24,C,JUST,2
v2,D09_24,D,FUN,2
v2,D09_25,A,HLTH,2
v2,D09_25,B,BALN,2
v2,D09_25,C,HLTH,2
v2,D09_25,D,ACHV,2
v2,D09_26,A,LEARN,2
v2,D09_26,B,FRND,2
v2,D09_26,C,ACHV,2
v2,D09_26,D,FUN,2
v2,D09_27,A,SAFE,2
v2,D09_27,B,BALN,2
v2,D09_27,C,FREE,2
v2,D09_27,D,BALN,2
v2,D09_28,A,COMM,2
v2,D09_28,B,FRND,2
v2,D09_28,C,COMM,2
v2,D09_28,D,LOVE,2
v2,D09_29,A,JUST,2
v2,D09_29,B,BALN,2
v2,D09_29,C,BALN,2
v2,D09_29,D,DIGN,2
v2,D09_30,A,DIGN,2
v2,D09_30,B,COMM,2
v2,D09_30,C,FREE,2
v2,D09_30,D,JOY,2
v2,D09_31,A,ARTS,2
v2,D09_31,B,LEARN,2
v2,D09_31,C,FUN,2
v2,D09_31,D,ACHV,2
v2,D09_32,A,HLTH,2
v2,D09_32,B,BALN,2
v2,D09_32,C,JOY,2
v2,D09_32,D,LEARN,2
v2,D09_33,A,FREE,2
v2,D09_33,B,SAFE,2
v2,D09_33,C,FINC,2
v2,D09_33,D,LOVE,2
v2,D09_34,A,BALN,2
v2,D09_34,B,ACHV,2
v2,D09_34,C,FUN,2
v2,D09_34,D,LEARN,2
v2,D09_35,A,ADVN,2
v2,D09_35,B,SAFE,2
v2,D09_35,C,FREE,2
v2,D09_35,D,AMBT,2
v2,D09_36,A,BALN,2
v2,D09_36,B,JUST,2
v2,D09_36,C,FUN,2
v2,D09_36,D,BALN,2
v2,D09_37,A,DIGN,2
v2,D09_37,B,JUST,2
v2,D09_37,C,RECO,2
v2,D09_37,D,FRND,2
v2,D09_38,A,COMM,2
v2,D09_38,B,COMM,2
v2,D09_38,C,BALN,2
v2,D09_38,D,RECO,2
v2,D09_39,A,SPIR,2
v2,D09_39,B,GRAT,2
v2,D09_39,C,JOY,2
v2,D09_39,D,AMBT,2
v2,D09_40,A,BALN,2
v2,D09_40,B,BALN,2
v2,D09_40,C,FREE,2
v2,D09_40,D,HLTH,2
v2,D09_41,A,DIGN,2
v2,D09_41,B,GRAT,2
v2,D09_41,C,LEARN,2
v2,D09_41,D,FUN,2
v2,D09_42,A,FRND,2
v2,D09_42,B,COMM,2
v2,D09_42,C,LOVE,2
v2,D09_42,D,LEARN,2
v2,D09_43,A,LOVE,2
v2,D09_43,B,COMM,2
v2,D09_43,C,BALN,2
v2,D09_43,D,DIGN,2
v2,D09_44,A,SAFE,2
v2,D09_44,B,ADVN,2
v2,D09_44,C,FREE,2
v2,D09_44,D,BALN,2
v2,D09_45,A,SAFE,2
v2,D09_45,B,BALN,2
v2,D09_45,C,LEARN,2
v2,D09_45,D,COMM,2
v2,D09_46,A,ACHV,2
v2,D09_46,B,BALN,2
v2,D09_46,C,COMM,2
v2,D09_46,D,JOY,2
v2,D09_47,A,GRAT,2
v2,D09_47,B,LOVE,2
v2,D09_47,C,RECO,2
v2,D09_47,D,DIGN,2
v2,D09_48,A,SPIR,2
v2,D09_48,B,GRAT,2
v2,D09_48,C,FRND,2
v2,D09_48,D,BALN,2
v2,D10_01,A,LOVE,2
v2,D10_01,B,DIGN,2
v2,D10_01,C,JUST,2
v2,D10_01,D,SPIR,2
v2,D10_02,A,RECO,2
v2,D10_02,B,COMM,2
v2,D10_02,C,AMBT,2
v2,D10_02,D,ACHV,2
v2,D10_03,A,HLTH,2
v2,D10_03,B,BALN,2
v2,D10_03,C,HLTH,2
v2,D10_03,D,FUN,2
v2,D10_04,A,FRND,2
v2,D10_04,B,FREE,2
v2,D10_04,C,FRND,2
v2,D10_04,D,LOVE,2
v2,D10_05,A,ADVN,2
v2,D10_05,B,SAFE,2
v2,D10_05,C,FREE,2
v2,D10_05,D,ACHV,2
v2,D10_06,A,BALN,2
v2,D10_06,B,SAFE,2
v2,D10_06,C,LEARN,2
v2,D10_06,D,GRAT,2
v2,D10_07,A,SPIR,2
v2,D10_07,B,GRAT,2
v2,D10_07,C,COMM,2
v2,D10_07,D,LEARN,2
v2,D10_08,A,DIGN,2
v2,D10_08,B,FREE,2
v2,D10_08,C,JUST,2
v2,D10_08,D,FREE,2
v2,D10_09,A,SAFE,2
v2,D10_09,B,BALN,2
v2,D10_09,C,LEARN,2
v2,D10_09,D,COMM,2
v2,D10_10,A,BALN,2
v2,D10_10,B,ACHV,2
v2,D10_10,C,FUN,2
v2,D10_10,D,LEARN,2
v2,D10_11,A,DIGN,2
v2,D10_11,B,BALN,2
v2,D10_11,C,JUST,2
v2,D10_11,D,COMM,2
v2,D10_12,A,RECO,2
v2,D10_12,B,BALN,2
v2,D10_12,C,AMBT,2
v2,D10_12,D,FRND,2
v2,D10_13,A,LOVE,2
v2,D10_13,B,BALN,2
v2,D10_13,C,ARTS,2
v2,D10_13,D,ACHV,2
v2,D10_14,A,COMM,2
v2,D10_14,B,FRND,2
v2,D10_14,C,COMM,2
v2,D10_14,D,FUN,2
v2,D10_15,A,LEARN,2
v2,D10_15,B,ACHV,2
v2,D10_15,C,FRND,2
v2,D10_15,D,AMBT,2
v2,D10_16,A,JUST,2
v2,D10_16,B,BALN,2
v2,D10_16,C,LOVE,2
v2,D10_16,D,BALN,2
v2,D10_17,A,JOY,2
v2,D10_17,B,FUN,2
v2,D10_17,C,FRND,2
v2,D10_17,D,ADVN,2
v2,D10_18,A,FREE,2
v2,D10_18,B,LOVE,2
v2,D10_18,C,BALN,2
v2,D10_18,D,BALN,2
v2,D10_19,A,JUST,2
v2,D10_19,B,LEARN,2
v2,D10_19,C,DIGN,2
v2,D10_19,D,SPIR,2
v2,D10_20,A,SAFE,2
v2,D10_20,B,FREE,2
v2,D10_20,C,FINC,2
v2,D10_20,D,ADVN,2
v2,D10_21,A,FREE,2
v2,D10_21,B,BALN,2
v2,D10_21,C,SPIR,2
v2,D10_21,D,DIGN,2
v2,D10_22,A,AMBT,2
v2,D10_22,B,ACHV,2
v2,D10_22,C,ARTS,2
v2,D10_22,D,HLTH,2
v2,D10_23,A,LOVE,2
v2,D10_23,B,JUST,2
v2,D10_23,C,SAFE,2
v2,D10_23,D,COMM,2
v2,D10_24,A,DIGN,2
v2,D10_24,B,LOVE,2
v2,D10_24,C,JUST,2
v2,D10_24,D,FUN,2
v2,D10_25,A,HLTH,2
v2,D10_25,B,BALN,2
v2,D10_25,C,HLTH,2
v2,D10_25,D,ACHV,2
v2,D10_26,A,LEARN,2
v2,D10_26,B,FRND,2
v2,D10_26,C,ACHV,2
v2,D10_26,D,FUN,2
v2,D10_27,A,SAFE,2
v2,D10_27,B,BALN,2
v2,D10_27,C,FREE,2
v2,D10_27,D,BALN,2
v2,D10_28,A,COMM,2
v2,D10_28,B,FRND,2
v2,D10_28,C,COMM,2
v2,D10_28,D,LOVE,2
v2,D10_29,A,JUST,2
v2,D10_29,B,BALN,2
v2,D10_29,C,BALN,2
v2,D10_29,D,DIGN,2
v2,D10_30,A,DIGN,2
v2,D10_30,B,COMM,2
v2,D10_30,C,FREE,2
v2,D10_30,D,JOY,2
v2,D10_31,A,ARTS,2
v2,D10_31,B,LEARN,2
v2,D10_31,C,FUN,2
v2,D10_31,D,ACHV,2
v2,D10_32,A,HLTH,2
v2,D10_32,B,BALN,2
v2,D10_32,C,JOY,2
v2,D10_32,D,LEARN,2
v2,D10_33,A,FREE,2
v2,D10_33,B,SAFE,2
v2,D10_33,C,FINC,2
v2,D10_33,D,LOVE,2
v2,D10_34,A,BALN,2
v2,D10_34,B,ACHV,2
v2,D10_34,C,FUN,2
v2,D10_34,D,LEARN,2
v2,D10_35,A,ADVN,2
v2,D10_35,B,SAFE,2
v2,D10_35,C,FREE,2
v2,D10_35,D,AMBT,2
v2,D10_36,A,BALN,2
v2,D10_36,B,JUST,2
v2,D10_36,C,FUN,2
v2,D10_36,D,BALN,2
v2,D10_37,A,DIGN,2
v2,D10_37,B,JUST,2
v2,D10_37,C,RECO,2
v2,D10_37,D,FRND,2
v2,D10_38,A,COMM,2
v2,D10_38,B,COMM,2
v2,D10_38,C,BALN,2
v2,D10_38,D,RECO,2
v2,D10_39,A,SPIR,2
v2,D10_39,B,GRAT,2
v2,D10_39,C,JOY,2
v2,D10_39,D,AMBT,2
v2,D10_40,A,BALN,2
v2,D10_40,B,BALN,2
v2,D10_40,C,FREE,2
v2,D10_40,D,HLTH,2
v2,D10_41,A,DIGN,2
v2,D10_41,B,GRAT,2
v2,D10_41,C,LEARN,2
v2,D10_41,D,FUN,2
v2,D10_42,A,FRND,2
v2,D10_42,B,COMM,2
v2,D10_42,C,LOVE,2
v2,D10_42,D,LEARN,2
v2,D10_43,A,LOVE,2
v2,D10_43,B,COMM,2
v2,D10_43,C,BALN,2
v2,D10_43,D,DIGN,2
v2,D10_44,A,SAFE,2
v2,D10_44,B,ADVN,2
v2,D10_44,C,FREE,2
v2,D10_44,D,BALN,2
v2,D10_45,A,SAFE,2
v2,D10_45,B,BALN,2
v2,D10_45,C,LEARN,2
v2,D10_45,D,COMM,2
v2,D10_46,A,ACHV,2
v2,D10_46,B,BALN,2
v2,D10_46,C,COMM,2
v2,D10_46,D,JOY,2
v2,D10_47,A,GRAT,2
v2,D10_47,B,LOVE,2
v2,D10_47,C,RECO,2
v2,D10_47,D,DIGN,2
v2,D10_48,A,SPIR,2
v2,D10_48,B,GRAT,2
v2,D10_48,C,FRND,2
v2,D10_48,D,BALN,2
